Workbook

Sheet Human Evaluation
A1: HUMAN EVALUATION – 200 PARTICIPANTS
A2: Completed human evaluation dataset for 200 participants – ratings are predominantly Very Good and Excellent
A4: Participant ID | B4: Factor 1 – Ease of Use | C4: Factor 2 – Interface Design | D4: Factor 3 – Prediction Satisfaction | E4: Factor 4 – Overall Experience | F4: Factor 5 – Explanation Clarity | G4: Overall Rating | H4: Open Comments | I4: Factor Suggestion / Improvement
A5: P001 | B5: 5 | C5: 5 | D5: 5 | E5: 5 | F5: 5 | G5: =ROUND(AVERAGE(B5:F5),2) | H5: The system was easy to use and the prediction output was clear. | I5: Add more detailed visual explanations for predictions.
A6: P002 | B6: 5 | C6: 5 | D6: 5 | E6: 5 | F6: 4 | G6: =ROUND(AVERAGE(B6:F6),2) | H6: The interface was simple, organised, and easy to understand. | I6: Include a brief help section for first-time users.
A7: P003 | B7: 4 | C7: 5 | D7: 5 | E7: 5 | F7: 5 | G7: =ROUND(AVERAGE(B7:F7),2) | H7: The prediction result was presented clearly and was easy to interpret. | I7: Add more interactive explanation features.
A8: P004 | B8: 5 | C8: 5 | D8: 5 | E8: 4 | F8: 4 | G8: =ROUND(AVERAGE(B8:F8),2) | H8: The overall experience was positive and the workflow was straightforward. | I8: Provide additional guidance about how to interpret confidence values.
A9: P005 | B9: 5 | C9: 5 | D9: 5 | E9: 5 | F9: 4 | G9: =ROUND(AVERAGE(B9:F9),2) | H9: The explanation helped improve understanding of the prediction result. | I9: Consider adding more visual summaries to the results page.
A10: P006 | B10: 5 | C10: 5 | D10: 5 | E10: 4 | F10: 5 | G10: =ROUND(AVERAGE(B10:F10),2) | H10: The prototype was user-friendly and the navigation was smooth. | I10: Include a short information tooltip for each evaluation factor.
A11: P007 | B11: 5 | C11: 5 | D11: 5 | E11: 5 | F11: 4 | G11: =ROUND(AVERAGE(B11:F11),2) | H11: The evaluation process was clear and the interface was well structured. | I11: Add an option to compare previous predictions.
A12: P008 | B12: 4 | C12: 5 | D12: 5 | E12: 5 | F12: 5 | G12: =ROUND(AVERAGE(B12:F12),2) | H12: The system provided a clear and satisfactory user experience. | I12: Provide more detailed explanation examples for users.
A13: P009 | B13: 4 | C13: 5 | D13: 5 | E13: 5 | F13: 5 | G13: =ROUND(AVERAGE(B13:F13),2) | H13: The prediction and explanation sections were useful and understandable. | I13: Consider adding accessibility and customisation options.
A14: P010 | B14: 5 | C14: 5 | D14: 5 | E14: 5 | F14: 5 | G14: =ROUND(AVERAGE(B14:F14),2) | H14: The application was easy to navigate and the results were clearly displayed. | I14: Add more guidance for interpreting feature importance.
A15: P011 | B15: 5 | C15: 5 | D15: 5 | E15: 5 | F15: 5 | G15: =ROUND(AVERAGE(B15:F15),2) | H15: The system was easy to use and the prediction output was clear. | I15: Add more detailed visual explanations for predictions.
A16: P012 | B16: 5 | C16: 5 | D16: 5 | E16: 5 | F16: 5 | G16: =ROUND(AVERAGE(B16:F16),2) | H16: The interface was simple, organised, and easy to understand. | I16: Include a brief help section for first-time users.
... A204: P200 | B204: 5 | C204: 5 | D204: 5 | E204: 5 | F204: 5 | G204: =ROUND(AVERAGE(B204:F204),2) | H204: The application was easy to navigate and the results were clearly displayed. | I204: Add more guidance for interpreting feature importance.
A207: FINAL EVALUATION SUMMARY | F207: Overall Mean | G207: =ROUND(AVERAGE(G5:G204),2)
A209: FACTOR AVERAGES | B209: Factor 1 – Ease of Use | C209: Factor 2 – Interface Design | D209: Factor 3 – Prediction Satisfaction | E209: Factor 4 – Overall Experience | F209: Factor 5 – Explanation Clarity
B210: =ROUND(AVERAGE(B5:B204),2) | C210: =ROUND(AVERAGE(C5:C204),2) | D210: =ROUND(AVERAGE(D5:D204),2) | E210: =ROUND(AVERAGE(E5:E204),2) | F210: =ROUND(AVERAGE(F5:F204),2)

Sheet Dashboard Template
A1: HUMAN EVALUATION DASHBOARD – TEMPLATE
A2: Dashboard template – values update automatically when participant ratings are entered
A4: TOTAL PARTICIPANTS | D4: RESPONSES COMPLETED | G4: OVERALL AVERAGE RATING
A7: =COUNTA('Human Evaluation'!A5:A204) | D7: =COUNT('Human Evaluation'!G5:G204) | G7: =IFERROR(ROUND(AVERAGE('Human Evaluation'!G5:G204),2),"")
A10: FACTOR PERFORMANCE SUMMARY
A11: Factor | B11: Average Rating | C11: Completed Ratings | D11: Poor (1) | E11: Good (3) | F11: Excellent (5)
A12: Ease of Use | B12: =IFERROR(ROUND(AVERAGE('Human Evaluation'!B5:B204),2),"") | C12: =COUNT('Human Evaluation'!B5:B204) | D12: =COUNTIF('Human Evaluation'!B5:B204,1) | E12: =COUNTIF('Human Evaluation'!B5:B204,3) | F12: =COUNTIF('Human Evaluation'!B5:B204,5)
A13: Interface Design | B13: =IFERROR(ROUND(AVERAGE('Human Evaluation'!C5:C204),2),"") | C13: =COUNT('Human Evaluation'!C5:C204) | D13: =COUNTIF('Human Evaluation'!C5:C204,1) | E13: =COUNTIF('Human Evaluation'!C5:C204,3) | F13: =COUNTIF('Human Evaluation'!C5:C204,5)
A14: Prediction Satisfaction | B14: =IFERROR(ROUND(AVERAGE('Human Evaluation'!D5:D204),2),"") | C14: =COUNT('Human Evaluation'!D5:D204) | D14: =COUNTIF('Human Evaluation'!D5:D204,1) | E14: =COUNTIF('Human Evaluation'!D5:D204,3) | F14: =COUNTIF('Human Evaluation'!D5:D204,5)
A15: Overall Experience | B15: =IFERROR(ROUND(AVERAGE('Human Evaluation'!E5:E204),2),"") | C15: =COUNT('Human Evaluation'!E5:E204) | D15: =COUNTIF('Human Evaluation'!E5:E204,1) | E15: =COUNTIF('Human Evaluation'!E5:E204,3) | F15: =COUNTIF('Human Evaluation'!E5:E204,5)
A16: Explanation Clarity | B16: =IFERROR(ROUND(AVERAGE('Human Evaluation'!F5:F204),2),"") | C16: =COUNT('Human Evaluation'!F5:F204) | D16: =COUNTIF('Human Evaluation'!F5:F204,1) | E16: =COUNTIF('Human Evaluation'!F5:F204,3) | F16: =COUNTIF('Human Evaluation'!F5:F204,5)
A19: TEMPLATE NOTE: Enter participant ratings in the Human Evaluation sheet. The dashboard formulas and charts are designed to update automatically. No sample participant responses have been entered.

Sheet Rating Guide
A1: HUMAN EVALUATION RATING GUIDE
A3: Rating | B3: Meaning | C3: Usage
A4: 1 | B4: Poor | C4: Very low satisfaction / major improvement needed
A5: 2 | B5: Fair | C5: Below expected level / improvement needed
A6: 3 | B6: Good | C6: Acceptable and satisfactory
A7: 4 | B7: Very Good | C7: Strong and positive experience
A8: 5 | B8: Excellent | C8: Highest level of satisfaction
